{"Home_Elo": 0.022079255431890488, "Away_Elo": 0.017122387886047363, "Elo_Difference": 0.014808136969804764}